{"cameraMode":{"drawMode":0,"name":"Shaded","section":"Shading Mode"},"sceneLighting":false,"audioPlay":false,"sceneViewState":{"showFog":true,"showMaterialUpdate":false,"showSkybox":false,"showFlares":true,"showImageEffects":true,"showParticleSystems":true,"showVisualEffectGraphs":true,"m_FxEnabled":true},"in2DMode":false,"pivot":{"x":0.4212377071380615,"y":-0.1913398951292038,"z":-0.06794577836990357},"rotation":{"x":-0.4922794997692108,"y":-0.14055860042572022,"z":0.08091224730014801,"w":-0.8551982045173645},"size":1.3076741695404053,"orthographic":false}